"Data Source","World Development Indicators",

"Last Updated Date","2025-07-01",

"Country Name","Country Code","Indicator Name","Indicator Code","1960","1961","1962","1963","1964","1965","1966","1967","1968","1969","1970","1971","1972","1973","1974","1975","1976","1977","1978","1979","1980","1981","1982","1983","1984","1985","1986","1987","1988","1989","1990","1991","1992","1993","1994","1995","1996","1997","1998","1999","2000","2001","2002","2003","2004","2005","2006","2007","2008","2009","2010","2011","2012","2013","2014","2015","2016","2017","2018","2019","2020","2021","2022","2023","2024",
"Aruba","ABW","Incidence of tuberculosis (per 100,000 people)","SH.TBS.INCD","","","","","","","","","","","","","","","","","","","","","","","","","","","","","","","","","","","","","","","","","8","8.6","9.1","9.6","10","11","11","11","11","12","6.9","9.1","32","12","2.2","9.9","15","8.7","5.4","2.1","1.1","6.4","5.3","3.6","",
"Africa Eastern and Southern","AFE","Incidence of tuberculosis (per 100,000 people)","SH.TBS.INCD","","","","","","","","","","","","","","","","","","","","","","","","","","","","","","","","","","","","","","","","","","","","","","","","","","","","","","","","","","","","","","","","","",
"Afghanistan","AFG","Incidence of tuberculosis (per 100,000 people)","SH.TBS.INCD","","","","","","","","","","","","","","","","","","","","","","","","","","","","","","","","","","","","","","","","","190","189","189","189","189","189","189","189","189","189","189","189","189","189","189","189","189","189","189","189","183","185","184","180","",
"Africa Western and Central","AFW","Incidence of tuberculosis (per 100,000 people)","SH.TBS.INCD","","","","","","","","","","","","","","","","","","","","","","","","","","","","","","","","","","","","","","","","","","","","","","","","","","","","","","","","","","","","","","","","","",
"Angola","AGO","Incidence of tuberculosis (per 100,000 people)","SH.TBS.INCD","","","","","","","","","","","","","","","","","","","","","","","","","","","","","","","","","","","","","","","","","297","308","320","334","350","368","377","379","382","385","384","383","380","376","370","366","362","359","355","351","328","324","336","339","",
"Albania","ALB","Incidence of tuberculosis (per 100,000 people)","SH.TBS.INCD","","","","","","","","","","","","","","","","","","","","","","","","","","","","","","","","","","","","","","","","","22","20","22","20","20","19","18","17","16","17","17","17","16","19","16","17","17","20","18","16","16","15","15","15","",
"Andorra","AND","Incidence of tuberculosis (per 100,000 people)","SH.TBS.INCD","","","","","","","","","","","","","","","","","","","","","","","","","","","","","","","","","","","","","","","","","21","17","8.6","18","11","15","17","7","5.5","11","10","4.4","13","7.6","9.4","6.4","6.4","1.6","3.1","7.5","3","2.9","5.8","5.7","",
"Arab World","ARB","Incidence of tuberculosis (per 100,000 people)","SH.TBS.INCD","","","","","","","","","","","","","","","","","","","","","","","","","","","","","","","","","","","","","","","","","","","","","","","","","","","","","","","","","","","","","","","","","",
"United Arab Emirates","ARE","Incidence of tuberculosis (per 100,000 people)","SH.TBS.INCD","","","","","","","","","","","","","","","","","","","","","","","","","","","","","","","","","","","","","","","","","3.8","2.3","2.6","3.2","2.4","2.5","2.1","2","1.7","2","2.2","1.6","1.2","1.2","0.84","0.81","0.81","0.82","1","0.98","0.75","0.78","0.73","0.8","",
"Argentina","ARG","Incidence of tuberculosis (per 100,000 people)","SH.TBS.INCD","","","","","","","","","","","","","","","","","","","","","","","","","","","","","","","","","","","","","","","","","37","35","35","33","34","31","28","30","26","22","21","27","24","24","25","26","27","27","27","29","28","29","29","35","",
"Armenia","ARM","Incidence of tuberculosis (per 100,000 people)","SH.TBS.INCD","","","","","","","","","","","","","","","","","","","","","","","","","","","","","","","","","","","","","","","","","54","57","59","64","69","92","75","72","71","68","61","55","53","60","57","50","44","36","31","26","25","25","25","25","",
"American Samoa","ASM","Incidence of tuberculosis (per 100,000 people)","SH.TBS.INCD","","","","","","","","","","","","","","","","","","","","","","","","","","","","","","","","","","","","","","","","","6.1","6","4","6.1","10","12","8.2","6.1","6.2","8.3","8.3","6.3","7.2","7","6.8","8.7","6.4","11","0","2.3","6.9","5.1","4.8","4.5","",
"Antigua and Barbuda","ATG","Incidence of tuberculosis (per 100,000 people)","SH.TBS.INCD","","","","","","","","","","","","","","","","","","","","","","","","","","","","","","","","","","","","","","","","","6.1","1.5","6","1.5","5.4","8.7","5.7","2.8","1.4","4.1","9.4","8","4","13","3.9","4.3","3.8","1.3","6.3","0","2.5","5","1.2","1.2","",
"Australia","AUS","Incidence of tuberculosis (per 100,000 people)","SH.TBS.INCD","","","","","","","","","","","","","","","","","","","","","","","","","","","","","","","","","","","","","","","","","6.3","5.8","5.9","5.5","6.1","5.9","6.5","6.1","6.5","6.8","6.5","6.3","6.6","6.2","6.5","6","6.5","6.7","6.6","6.8","7.2","6.5","5.6","6.2","",
"Austria","AUT","Incidence of tuberculosis (per 100,000 people)","SH.TBS.INCD","","","","","","","","","","","","","","","","","","","","","","","","","","","","","","","","","","","","","","","","","17","14","15","13","13","13","12","11","11","9.1","9.1","9.2","8.5","8.5","7.6","7.5","8.1","7.3","6.1","6","4.9","5","4.6","5.2","",
"Azerbaijan","AZE","Incidence of tuberculosis (per 100,000 people)","SH.TBS.INCD","","","","","","","","","","","","","","","","","","","","","","","","","","","","","","","","","","","","","","","","","80","75","78","57","80","88","83","79","108","133","104","125","86","78","76","71","66","66","63","60","58","62","68","72","",
"Burundi","BDI","Incidence of tuberculosis (per 100,000 people)","SH.TBS.INCD","","","","","","","","","","","","","","","","","","","","","","","","","","","","","","","","","","","","","","","","","290","270","250","230","211","195","181","169","160","152","144","138","133","128","126","122","118","114","111","107","103","100","97","94","",
"Belgium","BEL","Incidence of tuberculosis (per 100,000 people)","SH.TBS.INCD","","","","","","","","","","","","","","","","","","","","","","","","","","","","","","","","","","","","","","","","","14","15","13","12","12","12","11","10","10","9.8","11","10","9.4","9.3","9.1","9.5","10","9.3","9.2","9","7.8","8.1","7.8","7.5","",
"Benin","BEN","Incidence of tuberculosis (per 100,000 people)","SH.TBS.INCD","","","","","","","","","","","","","","","","","","","","","","","","","","","","","","","","","","","","","","","","","86","83","80","78","75","73","71","69","69","69","68","67","66","64","61","60","59","58","56","55","54","53","52","51","",
"Burkina Faso","BFA","Incidence of tuberculosis (per 100,000 people)","SH.TBS.INCD","","","","","","","","","","","","","","","","","","","","","","","","","","","","","","","","","","","","","","","","","70","69","67","66","65","64","63","62","61","60","58","57","55","54","54","52","51","49","48","47","46","45","44","43","",
"Bangladesh","BGD","Incidence of tuberculosis (per 100,000 people)","SH.TBS.INCD","","","","","","","","","","","","","","","","","","","","","","","","","","","","","","","","","","","","","","","","","221","221","221","221","221","221","221","221","221","221","221","221","221","221","221","221","221","221","221","221","221","221","221","221","",
"Bulgaria","BGR","Incidence of tuberculosis (per 100,000 people)","SH.TBS.INCD","","","","","","","","","","","","","","","","","","","","","","","","","","","","","","","","","","","","","","","","","52","61","53","52","49","52","51","47","49","44","41","37","36","33","32","28","27","25","23","23","16","12","14","16","",
"Bahrain","BHR","Incidence of tuberculosis (per 100,000 people)","SH.TBS.INCD","","","","","","","","","","","","","","","","","","","","","","","","","","","","","","","","","","","","","","","","","36","31","29","37","32","35","32","32","31","32","23","21","21","19","17","15","12","12","12","14","15","15","14","12","",
"Bahamas, The","BHS","Incidence of tuberculosis (per 100,000 people)","SH.TBS.INCD","","","","","","","","","","","","","","","","","","","","","","","","","","","","","","","","","","","","","","","","","29","22","15","13","18","16","20","15","16","14","9.7","13","9.8","10","15","19","26","15","14","15","9","13","14","7.8","",
"Bosnia and Herzegovina","BIH","Incidence of tuberculosis (per 100,000 people)","SH.TBS.INCD","","","","","","","","","","","","","","","","","","","","","","","","","","","","","","","","","","","","","","","","","83","82","56","59","78","70","59","79","57","58","45","46","49","44","43","40","33","29","25","27","26","25","24","24","",
"Belarus","BLR","Incidence of tuberculosis (per 100,000 people)","SH.TBS.INCD","","","","","","","","","","","","","","","","","","","","","","","","","","","","","","","","","","","","","","","","","86","70","66","77","71","69","68","71","68","70","68","62","63","59","51","50","42","37","31","29","28","28","28","27","",
"Belize","BLZ","Incidence of tuberculosis (per 100,000 people)","SH.TBS.INCD","","","","","","","","","","","","","","","","","","","","","","","","","","","","","","","","","","","","","","","","","49","61","59","42","35","41","34","24","33","32","52","26","29","40","23","25","37","36","30","27","27","27","27","27","",
"Bermuda","BMU","Incidence of tuberculosis (per 100,000 people)","SH.TBS.INCD","","","","","","","","","","","","","","","","","","","","","","","","","","","","","","","","","","","","","","","","","0","0","0","5.3","11","7.9","5.5","4.7","3.8","2.9","1.8","1.8","5.4","0","0","0","3.6","3.6","3.6","3.6","5.4","3.6","1.8","3.6","",
"Bolivia","BOL","Incidence of tuberculosis (per 100,000 people)","SH.TBS.INCD","","","","","","","","","","","","","","","","","","","","","","","","","","","","","","","","","","","","","","","","","184","179","173","168","163","158","153","148","144","139","135","131","127","123","120","117","114","111","108","106","104","106","107","105","",
"Brazil","BRA","Incidence of tuberculosis (per 100,000 people)","SH.TBS.INCD","","","","","","","","","","","","","","","","","","","","","","","","","","","","","","","","","","","","","","","","","51","48","52","53","54","50","46","46","46","45","44","44","44","44","43","43","43","44","46","46","45","48","49","49","",
"Barbados","BRB","Incidence of tuberculosis (per 100,000 people)","SH.TBS.INCD","","","","","","","","","","","","","","","","","","","","","","","","","","","","","","","","","","","","","","","","","1.3","2.6","2.2","3.7","8.2","4.1","2.1","6.8","1.3","0.84","2.5","0","1.7","1.7","2.1","0","1.2","0","0.41","0","2.4","0.41","2","0.81","",
"Brunei Darussalam","BRN","Incidence of tuberculosis (per 100,000 people)","SH.TBS.INCD","","","","","","","","","","","","","","","","","","","","","","","","","","","","","","","","","","","","","","","","","108","75","78","69","60","52","64","65","68","64","69","66","69","59","55","58","65","63","66","63","81","60","57","65","",
"Bhutan","BTN","Incidence of tuberculosis (per 100,000 people)","SH.TBS.INCD","","","","","","","","","","","","","","","","","","","","","","","","","","","","","","","","","","","","","","","","","239","212","218","201","190","190","171","184","175","203","234","218","197","186","182","163","190","143","148","164","164","164","164","164","",
"Botswana","BWA","Incidence of tuberculosis (per 100,000 people)","SH.TBS.INCD","","","","","","","","","","","","","","","","","","","","","","","","","","","","","","","","","","","","","","","","","914","888","855","816","773","728","684","641","598","557","518","480","445","414","385","356","326","300","275","253","237","240","243","244","",
"Central African Republic","CAF","Incidence of tuberculosis (per 100,000 people)","SH.TBS.INCD","","","","","","","","","","","","","","","","","","","","","","","","","","","","","","","","","","","","","","","","","540","540","540","540","540","540","540","540","540","540","540","540","540","540","540","540","540","540","540","540","540","540","540","540","",
"Canada","CAN","Incidence of tuberculosis (per 100,000 people)","SH.TBS.INCD","","","","","","","","","","","","","","","","","","","","","","","","","","","","","","","","","","","","","","","","","6.4","6.5","6.1","5.9","5.5","5.5","5.4","5.3","5.4","5.3","4.6","4.8","5.4","5.3","5.1","5.2","5.5","5.6","5.5","5.8","5.3","5.7","5.8","5.8","",
"Central Europe and the Baltics","CEB","Incidence of tuberculosis (per 100,000 people)","SH.TBS.INCD","","","","","","","","","","","","","","","","","","","","","","","","","","","","","","","","","","","","","","","","","","","","","","","","","","","","","","","","","","","","","","","","","",
"Switzerland","CHE","Incidence of tuberculosis (per 100,000 people)","SH.TBS.INCD","","","","","","","","","","","","","","","","","","","","","","","","","","","","","","","","","","","","","","","","","9.2","8.7","9.4","9","8.6","8","7.3","6.4","7","7.5","7.5","7.6","6","6.6","5.9","7.4","7.9","7.2","6.4","5.4","4.7","4.7","4.5","5.4","",
"Channel Islands","CHI","Incidence of tuberculosis (per 100,000 people)","SH.TBS.INCD","","","","","","","","","","","","","","","","","","","","","","","","","","","","","","","","","","","","","","","","","","","","","","","","","","","","","","","","","","","","","","","","","",
"Chile","CHL","Incidence of tuberculosis (per 100,000 people)","SH.TBS.INCD","","","","","","","","","","","","","","","","","","","","","","","","","","","","","","","","","","","","","","","","","22","22","18","16","19","18","18","17","17","16","16","16","16","16","15","16","16","17","18","17","14","16","17","18","",
"China","CHN","Incidence of tuberculosis (per 100,000 people)","SH.TBS.INCD","","","","","","","","","","","","","","","","","","","","","","","","","","","","","","","","","","","","","","","","","107","104","100","97","94","91","88","85","82","81","76","75","73","70","67","65","63","62","61","58","58","55","52","52","",
"Cote d'Ivoire","CIV","Incidence of tuberculosis (per 100,000 people)","SH.TBS.INCD","","","","","","","","","","","","","","","","","","","","","","","","","","","","","","","","","","","","","","","","","367","350","330","309","288","267","249","233","219","207","196","186","178","170","165","159","153","148","142","137","132","128","123","119","",
"Cameroon","CMR","Incidence of tuberculosis (per 100,000 people)","SH.TBS.INCD","","","","","","","","","","","","","","","","","","","","","","","","","","","","","","","","","","","","","","","","","309","317","321","321","318","311","303","292","282","271","260","251","242","235","220","212","203","194","186","179","171","164","157","150","",
"Congo, Dem. Rep.","COD","Incidence of tuberculosis (per 100,000 people)","SH.TBS.INCD","","","","","","","","","","","","","","","","","","","","","","","","","","","","","","","","","","","","","","","","","327","327","327","327","327","327","327","327","327","327","327","327","327","326","325","324","323","322","321","320","319","318","317","316","",
"Congo, Rep.","COG","Incidence of tuberculosis (per 100,000 people)","SH.TBS.INCD","","","","","","","","","","","","","","","","","","","","","","","","","","","","","","","","","","","","","","","","","356","379","398","413","423","426","422","413","403","393","386","383","382","382","381","379","378","376","375","373","372","370","369","368","",
"Colombia","COL","Incidence of tuberculosis (per 100,000 people)","SH.TBS.INCD","","","","","","","","","","","","","","","","","","","","","","","","","","","","","","","","","","","","","","","","","37","36","35","35","33","30","32","31","32","32","32","33","33","32","31","31","33","33","33","35","34","41","47","46","",
"Comoros","COM","Incidence of tuberculosis (per 100,000 people)","SH.TBS.INCD","","","","","","","","","","","","","","","","","","","","","","","","","","","","","","","","","","","","","","","","","39","38","37","37","36","36","36","35","34","33","33","34","34","34","35","35","35","35","35","35","35","35","35","35","",
"Cabo Verde","CPV","Incidence of tuberculosis (per 100,000 people)","SH.TBS.INCD","","","","","","","","","","","","","","","","","","","","","","","","","","","","","","","","","","","","","","","","","77","79","52","83","77","75","67","69","83","82","87","93","103","74","67","66","60","61","49","49","50","44","35","47","",
"Costa Rica","CRI","Incidence of tuberculosis (per 100,000 people)","SH.TBS.INCD","","","","","","","","","","","","","","","","","","","","","","","","","","","","","","","","","","","","","","","","","18","20","17","16","21","16","14","16","14","12","13","14","13","11","12","11","9.4","9.6","10","10","9.8","10","10","9.9","",
"Caribbean small states","CSS","Incidence of tuberculosis (per 100,000 people)","SH.TBS.INCD","","","","","","","","","","","","","","","","","","","","","","","","","","","","","","","","","","","","","","","","","","","","","","","","","","","","","","","","","","","","","","","","","",
"Cuba","CUB","Incidence of tuberculosis (per 100,000 people)","SH.TBS.INCD","","","","","","","","","","","","","","","","","","","","","","","","","","","","","","","","","","","","","","","","","12","9.5","9.2","8.6","8","7.9","7.8","7.8","8.4","7.3","8.5","8.2","7.5","7.7","7.4","7.1","6.9","7.2","7.2","6.5","6.4","6.5","6.6","7.9","",
"Curacao","CUW","Incidence of tuberculosis (per 100,000 people)","SH.TBS.INCD","","","","","","","","","","","","","","","","","","","","","","","","","","","","","","","","","","","","","","","","","","","","","","","","","","","3.7","0.73","0.71","1.4","3.5","5.5","2.7","6.1","4.7","4.3","4","3.7","3.1","3.3","",
"Cayman Islands","CYM","Incidence of tuberculosis (per 100,000 people)","SH.TBS.INCD","","","","","","","","","","","","","","","","","","","","","","","","","","","","","","","","","","","","","","","","","14","2.8","0","0","2.5","1.1","0","2.3","2.2","4.4","8.5","4.1","12","9.8","0","13","5.5","7.1","5.2","6.8","3.3","3.3","9.6","4.7","",
"Cyprus","CYP","Incidence of tuberculosis (per 100,000 people)","SH.TBS.INCD","","","","","","","","","","","","","","","","","","","","","","","","","","","","","","","","","","","","","","","","","4","4.8","2.3","4","3.4","3.8","3.9","4.4","5.1","5.3","6.2","5.1","6.2","4","3.7","5.9","5.3","4.8","4.6","5.9","3","4.2","8.1","5.5","",
"Czechia","CZE","Incidence of tuberculosis (per 100,000 people)","SH.TBS.INCD","","","","","","","","","","","","","","","","","","","","","","","","","","","","","","","","","","","","","","","","","16","15","13","13","12","11","11","8.8","8.9","7","6.8","6.2","6.2","5.2","5.2","5.6","5.6","5.4","4.7","5","3.9","3.8","4.1","4.8","",
"Germany","DEU","Incidence of tuberculosis (per 100,000 people)","SH.TBS.INCD","","","","","","","","","","","","","","","","","","","","","","","","","","","","","","","","","","","","","","","","","12","9.3","9.3","9.4","8.3","7.6","6.9","6.3","5.6","5.7","5.5","5.5","5.5","5.7","5.9","7.6","7.6","7.1","6.9","6.1","5.3","5","5.1","4.8","",
"Djibouti","DJI","Incidence of tuberculosis (per 100,000 people)","SH.TBS.INCD","","","","","","","","","","","","","","","","","","","","","","","","","","","","","","","","","","","","","","","","","664","680","501","496","445","463","440","457","516","519","561","486","449","401","302","329","304","244","233","210","192","201","237","218","",
"Dominica","DMA","Incidence of tuberculosis (per 100,000 people)","SH.TBS.INCD","","","","","","","","","","","","","","","","","","","","","","","","","","","","","","","","","","","","","","","","","4.5","5.6","3.3","8.4","10","12","31","4.9","21","6.5","13","3.2","11","4.9","1.6","11","8.1","1.6","6.4","16","16","16","16","16","",
"Denmark","DNK","Incidence of tuberculosis (per 100,000 people)","SH.TBS.INCD","","","","","","","","","","","","","","","","","","","","","","","","","","","","","","","","","","","","","","","","","13","11","8.6","8.3","7.6","8.4","7.2","7.5","6.9","6.1","6.9","7.4","7","6.8","6","6.5","5.9","5","5.4","5.1","4.1","3.8","4","3.6","",
"Dominican Republic","DOM","Incidence of tuberculosis (per 100,000 people)","SH.TBS.INCD","","","","","","","","","","","","","","","","","","","","","","","","","","","","","","","","","","","","","","","","","78","69","58","68","63","69","62","56","57","56","51","55","54","55","54","55","51","46","45","42","41","42","42","42","",
"Algeria","DZA","Incidence of tuberculosis (per 100,000 people)","SH.TBS.INCD","","","","","","","","","","","","","","","","","","","","","","","","","","","","","","","","","","","","","","","","","75","73","74","76","76","80","79","78","74","77","78","73","73","68","72","75","70","70","69","61","58","54","51","47","",
"East Asia & Pacific (excluding high income)","EAP","Incidence of tuberculosis (per 100,000 people)","SH.TBS.INCD","","","","","","","","","","","","","","","","","","","","","","","","","","","","","","","","","","","","","","","","","193","190","188","185","181","178","175","171","169","167","162","161","159","156","153","151","149","147","145","142","140","147","158","162","",
"Early-demographic dividend","EAR","Incidence of tuberculosis (per 100,000 people)","SH.TBS.INCD","","","","","","","","","","","","","","","","","","","","","","","","","","","","","","","","","","","","","","","","","","","","","","","","","","","","","","","","","","","","","","","","","",
"East Asia & Pacific","EAS","Incidence of tuberculosis (per 100,000 people)","SH.TBS.INCD","","","","","","","","","","","","","","","","","","","","","","","","","","","","","","","","","","","","","","","","","177","175","173","170","167","164","161","158","156","154","150","149","147","144","142","139","137","136","134","131","129","135","145","149","",
"Europe & Central Asia (excluding high income)","ECA","Incidence of tuberculosis (per 100,000 people)","SH.TBS.INCD","","","","","","","","","","","","","","","","","","","","","","","","","","","","","","","","","","","","","","","","","91","93","94","95","95","93","90","86","84","81","76","73","68","65","61","57","54","52","49","47","46","48","50","50","",
"Europe & Central Asia","ECS","Incidence of tuberculosis (per 100,000 people)","SH.TBS.INCD","","","","","","","","","","","","","","","","","","","","","","","","","","","","","","","","","","","","","","","","","52","51","51","52","50","50","48","47","46","45","43","41","38","37","35","33","32","30","28","27","25","25","24","24","",
"Ecuador","ECU","Incidence of tuberculosis (per 100,000 people)","SH.TBS.INCD","","","","","","","","","","","","","","","","","","","","","","","","","","","","","","","","","","","","","","","","","68","58","55","64","58","40","41","43","42","40","40","42","44","42","40","39","40","43","44","46","45","46","46","58","",
"Egypt, Arab Rep.","EGY","Incidence of tuberculosis (per 100,000 people)","SH.TBS.INCD","","","","","","","","","","","","","","","","","","","","","","","","","","","","","","","","","","","","","","","","","26","25","24","23","22","21","21","20","19","19","18","17","17","16","15","15","14","13","12","12","11","10","9.8","9.2","",
"Euro area","EMU","Incidence of tuberculosis (per 100,000 people)","SH.TBS.INCD","","","","","","","","","","","","","","","","","","","","","","","","","","","","","","","","","","","","","","","","","","","","","","","","","","","","","","","","","","","","","","","","","",
"Eritrea","ERI","Incidence of tuberculosis (per 100,000 people)","SH.TBS.INCD","","","","","","","","","","","","","","","","","","","","","","","","","","","","","","","","","","","","","","","","","177","175","173","299","257","209","171","200","160","154","149","157","160","144","119","102","108","99","89","86","80","74","69","65","",
"Spain","ESP","Incidence of tuberculosis (per 100,000 people)","SH.TBS.INCD","","","","","","","","","","","","","","","","","","","","","","","","","","","","","","","","","","","","","","","","","22","19","20","27","16","19","20","19","19","18","17","16","14","13","12","9.9","12","11","11","9.9","7.1","8.1","6.2","5.9","",
"Estonia","EST","Incidence of tuberculosis (per 100,000 people)","SH.TBS.INCD","","","","","","","","","","","","","","","","","","","","","","","","","","","","","","","","","","","","","","","","","65","59","52","49","45","41","36","39","34","31","25","25","23","23","21","18","16","15","13","13","10","9.2","11","8.2","",
"Ethiopia","ETH","Incidence of tuberculosis (per 100,000 people)","SH.TBS.INCD","","","","","","","","","","","","","","","","","","","","","","","","","","","","","","","","","","","","","","","","","421","409","393","376","358","341","325","310","296","282","268","253","239","224","207","192","177","164","151","140","129","119","126","146","",
"European Union","EUU","Incidence of tuberculosis (per 100,000 people)","SH.TBS.INCD","","","","","","","","","","","","","","","","","","","","","","","","","","","","","","","","","","","","","","","","","","","","","","","","","","","","","","","","","","","","","","","","","",
"Fragile and conflict affected situations","FCS","Incidence of tuberculosis (per 100,000 people)","SH.TBS.INCD","","","","","","","","","","","","","","","","","","","","","","","","","","","","","","","","","","","","","","","","","","","","","","","","","","","","","","","","","","","","","","","","","",
"Finland","FIN","Incidence of tuberculosis (per 100,000 people)","SH.TBS.INCD","","","","","","","","","","","","","","","","","","","","","","","","","","","","","","","","","","","","","","","","","12","10","9.9","8.7","7","7.4","6.1","6.5","7.2","8.7","6.6","6.7","5.5","5.6","5.3","5.6","4.7","4.9","4.8","4.7","3.6","3.5","3.9","3.4","",
"Fiji","FJI","Incidence of tuberculosis (per 100,000 people)","SH.TBS.INCD","","","","","","","","","","","","","","","","","","","","","","","","","","","","","","","","","","","","","","","","","22","28","23","28","20","20","17","14","16","21","27","31","30","37","55","52","45","51","54","66","66","66","66","66","",
"France","FRA","Incidence of tuberculosis (per 100,000 people)","SH.TBS.INCD","","","","","","","","","","","","","","","","","","","","","","","","","","","","","","","","","","","","","","","","","12","12","11","12","10","9.8","9.7","11","10","9.4","9.2","9","8.9","8.8","8.5","8.4","8.7","9","8.8","9","8.1","7.4","7","8.3","",
"Faroe Islands","FRO","Incidence of tuberculosis (per 100,000 people)","SH.TBS.INCD","","","","","","","","","","","","","","","","","","","","","","","","","","","","","","","","","","","","","","","","","","","","","","","","","","","","","","","","","","","","","","","","","",
"Micronesia, Fed. Sts.","FSM","Incidence of tuberculosis (per 100,000 people)","SH.TBS.INCD","","","","","","","","","","","","","","","","","","","","","","","","","","","","","","","","","","","","","","","","","102","116","141","118","132","110","117","159","188","171","191","172","167","171","217","120","171","159","110","103","104","81","54","234","",
"Gabon","GAB","Incidence of tuberculosis (per 100,000 people)","SH.TBS.INCD","","","","","","","","","","","","","","","","","","","","","","","","","","","","","","","","","","","","","","","","","515","548","574","590","596","592","576","572","567","563","559","554","550","546","541","537","533","529","525","521","517","513","509","505","",
"United Kingdom","GBR","Incidence of tuberculosis (per 100,000 people)","SH.TBS.INCD","","","","","","","","","","","","","","","","","","","","","","","","","","","","","","","","","","","","","","","","","12","11","13","13","13","15","15","15","15","15","14","15","15","13","11","10","9.9","8.9","8","8.1","7","8","7.8","7.6","",
"Georgia","GEO","Incidence of tuberculosis (per 100,000 people)","SH.TBS.INCD","","","","","","","","","","","","","","","","","","","","","","","","","","","","","","","","","","","","","","","","","254","243","228","210","192","175","161","149","140","133","127","122","119","116","106","99","92","86","80","74","69","64","60","55","",
"Ghana","GHA","Incidence of tuberculosis (per 100,000 people)","SH.TBS.INCD","","","","","","","","","","","","","","","","","","","","","","","","","","","","","","","","","","","","","","","","","216","214","212","209","206","203","199","196","191","187","183","178","173","168","165","160","156","152","148","144","140","136","133","129","",
"Gibraltar","GIB","Incidence of tuberculosis (per 100,000 people)","SH.TBS.INCD","","","","","","","","","","","","","","","","","","","","","","","","","","","","","","","","","","","","","","","","","","","","","","","","","","","","","","","","","","","","","","","","","",
"Guinea","GIN","Incidence of tuberculosis (per 100,000 people)","SH.TBS.INCD","","","","","","","","","","","","","","","","","","","","","","","","","","","","","","","","","","","","","","","","","228","224","221","218","214","210","206","200","195","190","186","183","180","177","177","177","176","176","176","176","175","175","175","175","",
"Gambia, The","GMB","Incidence of tuberculosis (per 100,000 people)","SH.TBS.INCD","","","","","","","","","","","","","","","","","","","","","","","","","","","","","","","","","","","","","","","","","187","189","190","191","191","190","188","186","183","180","179","178","177","176","175","173","170","166","162","158","153","149","145","142","",
"Guinea-Bissau","GNB","Incidence of tuberculosis (per 100,000 people)","SH.TBS.INCD","","","","","","","","","","","","","","","","","","","","","","","","","","","","","","","","","","","","","","","","","305","317","330","342","353","361","361","361","361","361","361","361","361","361","361","361","361","361","361","361","361","361","361","361","",
"Equatorial Guinea","GNQ","Incidence of tuberculosis (per 100,000 people)","SH.TBS.INCD","","","","","","","","","","","","","","","","","","","","","","","","","","","","","","","","","","","","","","","","","187","187","187","187","187","192","198","203","209","196","217","224","236","248","260","274","294","286","254","286","275","275","275","274","",
"Greece","GRC","Incidence of tuberculosis (per 100,000 people)","SH.TBS.INCD","","","","","","","","","","","","","","","","","","","","","","","","","","","","","","","","","","","","","","","","","7.5","5.3","6","6.3","7.7","7.3","6.5","6.4","6.1","5.6","4.6","4.7","5.4","5.2","5.1","4.7","4.3","4.6","4.4","4.7","4.1","2.1","3.3","5.2","",
"Grenada","GRD","Incidence of tuberculosis (per 100,000 people)","SH.TBS.INCD","","","","","","","","","","","","","","","","","","","","","","","","","","","","","","","","","","","","","","","","","0","0.55","1.1","2.2","2.2","1.7","1.1","3.3","5.5","5.4","4.3","2.2","1.1","0.54","0","5.2","6.3","3.1","2.1","3.1","3","3.1","3.1","4.9","",
"Greenland","GRL","Incidence of tuberculosis (per 100,000 people)","SH.TBS.INCD","","","","","","","","","","","","","","","","","","","","","","","","","","","","","","","","","","","","","","","","","133","137","142","147","151","156","160","164","168","128","232","233","170","195","178","166","119","117","101","129","152","70","119","101","",
"Guatemala","GTM","Incidence of tuberculosis (per 100,000 people)","SH.TBS.INCD","","","","","","","","","","","","","","","","","","","","","","","","","","","","","","","","","","","","","","","","","31","25","30","26","32","36","34","29","29","25","28","25","28","27","25","26","24","25","26","26","26","26","26","33","",
"Guam","GUM","Incidence of tuberculosis (per 100,000 people)","SH.TBS.INCD","","","","","","","","","","","","","","","","","","","","","","","","","","","","","","","","","","","","","","","","","39","45","36","16","35","44","31","37","62","71","70","57","47","33","39","53","53","59","50","56","40","41","41","31","",
"Guyana","GUY","Incidence of tuberculosis (per 100,000 people)","SH.TBS.INCD","","","","","","","","","","","","","","","","","","","","","","","","","","","","","","","","","","","","","","","","","69","69","97","103","99","105","117","98","108","127","119","119","125","113","90","94","94","85","81","77","57","63","59","64","",
"High income","HIC","Incidence of tuberculosis (per 100,000 people)","SH.TBS.INCD","","","","","","","","","","","","","","","","","","","","","","","","","","","","","","","","","","","","","","","","","30","30","29","29","27","27","27","26","26","25","24","24","22","21","20","19","19","18","17","15","13","13","12","12","",
"Hong Kong SAR, China","HKG","Incidence of tuberculosis (per 100,000 people)","SH.TBS.INCD","","","","","","","","","","","","","","","","","","","","","","","","","","","","","","","","","","","","","","","","","103","115","106","99","95","94","92","88","91","84","80","76","77","75","75","70","68","67","66","62","56","57","49","50","",
"Honduras","HND","Incidence of tuberculosis (per 100,000 people)","SH.TBS.INCD","","","","","","","","","","","","","","","","","","","","","","","","","","","","","","","","","","","","","","","","","122","93","81","71","62","56","52","44","44","45","43","48","44","42","39","40","39","37","37","31","30","31","31","31","",
"Heavily indebted poor countries (HIPC)","HPC","Incidence of tuberculosis (per 100,000 people)","SH.TBS.INCD","","","","","","","","","","","","","","","","","","","","","","","","","","","","","","","","","","","","","","","","","","","","","","","","","","","","","","","","","","","","","","","","","",
"Croatia","HRV","Incidence of tuberculosis (per 100,000 people)","SH.TBS.INCD","","","","","","","","","","","","","","","","","","","","","","","","","","","","","","","","","","","","","","","","","43","37","39","37","31","28","27","25","26","22","18","17","15","14","14","13","12","10","10","8.6","5.1","4.5","6.1","3.5","",
"Haiti","HTI","Incidence of tuberculosis (per 100,000 people)","SH.TBS.INCD","","","","","","","","","","","","","","","","","","","","","","","","","","","","","","","","","","","","","","","","","270","274","277","277","276","272","266","257","248","238","229","220","213","206","200","194","188","181","176","170","164","159","154","149","",
"Hungary","HUN","Incidence of tuberculosis (per 100,000 people)","SH.TBS.INCD","","","","","","","","","","","","","","","","","","","","","","","","","","","","","","","","","","","","","","","","","35","33","31","31","26","21","19","18","16","15","18","15","13","12","9.3","10","8.6","7.6","7.1","6.2","4.5","3.7","5.2","5.9","",
"IBRD only","IBD","Incidence of tuberculosis (per 100,000 people)","SH.TBS.INCD","","","","","","","","","","","","","","","","","","","","","","","","","","","","","","","","","","","","","","","","","","","","","","","","","","","","","","","","","","","","","","","","","",
"IDA & IBRD total","IBT","Incidence of tuberculosis (per 100,000 people)","SH.TBS.INCD","","","","","","","","","","","","","","","","","","","","","","","","","","","","","","","","","","","","","","","","","","","","","","","","","","","","","","","","","","","","","","","","","",
"IDA total","IDA","Incidence of tuberculosis (per 100,000 people)","SH.TBS.INCD","","","","","","","","","","","","","","","","","","","","","","","","","","","","","","","","","","","","","","","","","","","","","","","","","","","","","","","","","","","","","","","","","",
"IDA blend","IDB","Incidence of tuberculosis (per 100,000 people)","SH.TBS.INCD","","","","","","","","","","","","","","","","","","","","","","","","","","","","","","","","","","","","","","","","","","","","","","","","","","","","","","","","","","","","","","","","","",
"Indonesia","IDN","Incidence of tuberculosis (per 100,000 people)","SH.TBS.INCD","","","","","","","","","","","","","","","","","","","","","","","","","","","","","","","","","","","","","","","","","370","369","367","366","363","360","357","353","349","345","342","338","335","332","329","325","322","319","316","312","302","342","386","387","",
"IDA only","IDX","Incidence of tuberculosis (per 100,000 people)","SH.TBS.INCD","","","","","","","","","","","","","","","","","","","","","","","","","","","","","","","","","","","","","","","","","","","","","","","","","","","","","","","","","","","","","","","","","",
"Isle of Man","IMN","Incidence of tuberculosis (per 100,000 people)","SH.TBS.INCD","","","","","","","","","","","","","","","","","","","","","","","","","","","","","","","","","","","","","","","","","","","","","","","","","","","","","","","","","","","","","","","","","",
"India","IND","Incidence of tuberculosis (per 100,000 people)","SH.TBS.INCD","","","","","","","","","","","","","","","","","","","","","","","","","","","","","","","","","","","","","","","","","322","321","320","318","315","311","305","298","291","283","276","268","258","248","243","237","225","217","208","202","195","200","199","195","",
"Not classified","INX","Incidence of tuberculosis (per 100,000 people)","SH.TBS.INCD","","","","","","","","","","","","","","","","","","","","","","","","","","","","","","","","","","","","","","","","","","","","","","","","","","","","","","","","","","","","","","","","","",
"Ireland","IRL","Incidence of tuberculosis (per 100,000 people)","SH.TBS.INCD","","","","","","","","","","","","","","","","","","","","","","","","","","","","","","","","","","","","","","","","","12","12","11","12","12","12","12","11","11","11","9.8","9.7","8.5","8.9","7.3","7.2","7.1","7.2","6.9","5.8","5.3","4.8","4.4","4.6","",
"Iran, Islamic Rep.","IRN","Incidence of tuberculosis (per 100,000 people)","SH.TBS.INCD","","","","","","","","","","","","","","","","","","","","","","","","","","","","","","","","","","","","","","","","","23","22","21","20","18","17","17","16","16","17","18","18","18","18","16","16","15","14","14","13","12","12","11","11","",
"Iraq","IRQ","Incidence of tuberculosis (per 100,000 people)","SH.TBS.INCD","","","","","","","","","","","","","","","","","","","","","","","","","","","","","","","","","","","","","","","","","50","50","49","49","49","48","48","47","47","46","45","44","43","41","39","37","35","33","31","28","26","24","23","21","",
"Iceland","ISL","Incidence of tuberculosis (per 100,000 people)","SH.TBS.INCD","","","","","","","","","","","","","","","","","","","","","","","","","","","","","","","","","","","","","","","","","5.3","4.8","3.2","2","4.3","3.9","4.9","4.4","2.2","3.2","8","2.9","3.6","3.9","2.8","2.4","2.1","4.4","2.6","4.1","3.8","2.2","4.8","3.2","",
"Israel","ISR","Incidence of tuberculosis (per 100,000 people)","SH.TBS.INCD","","","","","","","","","","","","","","","","","","","","","","","","","","","","","","","","","","","","","","","","","10","9.4","8.4","8.3","7.9","6.3","5.7","6.5","5.2","5.5","5.3","6.3","7.6","4.6","5.3","4","3.5","3.2","3.9","2.9","2.1","2.7","2.6","2.8","",
"Italy","ITA","Incidence of tuberculosis (per 100,000 people)","SH.TBS.INCD","","","","","","","","","","","","","","","","","","","","","","","","","","","","","","","","","","","","","","","","","7","8.6","7.9","8.7","7.8","7.6","8.1","5.4","8","7.8","8.7","6.5","5.9","5.7","6.3","6.6","7.2","7.3","7.2","6.1","4.2","4.6","4.4","4.4","",
"Jamaica","JAM","Incidence of tuberculosis (per 100,000 people)","SH.TBS.INCD","","","","","","","","","","","","","","","","","","","","","","","","","","","","","","","","","","","","","","","","","6","5.7","4.9","5.5","5.3","4.1","4.3","4.7","4.7","6.2","5.8","4.6","4","4.2","3.7","4.5","4.4","5.2","3.5","3.2","3.1","3.2","3.2","3.2","",
"Jordan","JOR","Incidence of tuberculosis (per 100,000 people)","SH.TBS.INCD","","","","","","","","","","","","","","","","","","","","","","","","","","","","","","","","","","","","","","","","","7.5","8.2","7.3","7.4","7.3","8","7.8","6.7","6.8","6.7","5.8","5.4","5.1","5.1","5.4","5.7","5.4","6.7","5","5.5","4.6","4.2","3.8","3.4","",
"Japan","JPN","Incidence of tuberculosis (per 100,000 people)","SH.TBS.INCD","","","","","","","","","","","","","","","","","","","","","","","","","","","","","","","","","","","","","","","","","36","32","30","28","27","24","23","22","22","21","20","20","19","18","18","17","16","15","14","13","12","11","9.4","9.3","",
"Kazakhstan","KAZ","Incidence of tuberculosis (per 100,000 people)","SH.TBS.INCD","","","","","","","","","","","","","","","","","","","","","","","","","","","","","","","","","","","","","","","","","171","185","193","196","195","187","175","164","158","152","144","135","122","106","91","81","73","69","67","68","67","71","72","70","",
"Kenya","KEN","Incidence of tuberculosis (per 100,000 people)","SH.TBS.INCD","","","","","","","","","","","","","","","","","","","","","","","","","","","","","","","","","","","","","","","","","451","499","534","610","634","630","646","618","564","566","531","506","471","443","423","380","348","319","292","267","251","253","245","223","",
"Kyrgyz Republic","KGZ","Incidence of tuberculosis (per 100,000 people)","SH.TBS.INCD","","","","","","","","","","","","","","","","","","","","","","","","","","","","","","","","","","","","","","","","","145","154","152","146","139","143","139","135","148","128","120","125","127","142","126","136","133","124","116","110","107","111","112","112","",
"Cambodia","KHM","Incidence of tuberculosis (per 100,000 people)","SH.TBS.INCD","","","","","","","","","","","","","","","","","","","","","","","","","","","","","","","","","","","","","","","","","579","566","553","539","525","510","495","481","466","452","438","425","412","398","383","366","348","329","308","287","280","285","321","335","",
"Kiribati","KIR","Incidence of tuberculosis (per 100,000 people)","SH.TBS.INCD","","","","","","","","","","","","","","","","","","","","","","","","","","","","","","","","","","","","","","","","","355","262","266","377","403","423","472","409","402","326","329","387","385","447","449","531","547","400","331","414","382","321","345","533","",
"St. Kitts and Nevis","KNA","Incidence of tuberculosis (per 100,000 people)","SH.TBS.INCD","","","","","","","","","","","","","","","","","","","","","","","","","","","","","","","","","","","","","","","","","0","5","7.5","2.5","5","0","2.5","9.8","12","9.8","4.9","2.5","4.9","0","17","4.9","0","2.4","0","4.9","4.9","0","2.1","2.5","",
"Korea, Rep.","KOR","Incidence of tuberculosis (per 100,000 people)","SH.TBS.INCD","","","","","","","","","","","","","","","","","","","","","","","","","","","","","","","","","","","","","","","","","50","85","79","83","78","96","94","93","90","95","97","101","94","89","85","79","76","70","64","58","48","44","40","38","",
"Kuwait","KWT","Incidence of tuberculosis (per 100,000 people)","SH.TBS.INCD","","","","","","","","","","","","","","","","","","","","","","","","","","","","","","","","","","","","","","","","","30","28","33","31","30","27","31","30","38","38","37","25","25","23","23","22","24","27","22","20","18","19","11","9.7","",
"Latin America & Caribbean (excluding high income)","LAC","Incidence of tuberculosis (per 100,000 people)","SH.TBS.INCD","","","","","","","","","","","","","","","","","","","","","","","","","","","","","","","","","","","","","","","","","56","54","54","53","52","51","49","47","47","46","45","45","45","44","43","43","43","44","44","44","43","46","49","52","",
"Lao PDR","LAO","Incidence of tuberculosis (per 100,000 people)","SH.TBS.INCD","","","","","","","","","","","","","","","","","","","","","","","","","","","","","","","","","","","","","","","","","330","317","305","293","282","270","260","249","240","230","221","213","204","197","189","182","175","168","162","155","149","143","138","132","",
"Lebanon","LBN","Incidence of tuberculosis (per 100,000 people)","SH.TBS.INCD","","","","","","","","","","","","","","","","","","","","","","","","","","","","","","","","","","","","","","","","","15","13","11","9.7","9.8","9.6","9.1","11","12","11","12","11","14","14","12","12","12","12","13","15","13","9.5","10","10","",
"Liberia","LBR","Incidence of tuberculosis (per 100,000 people)","SH.TBS.INCD","","","","","","","","","","","","","","","","","","","","","","","","","","","","","","","","","","","","","","","","","240","245","250","256","262","267","272","277","282","288","293","299","304","308","308","308","308","308","308","308","308","308","308","308","",
"Libya","LBY","Incidence of tuberculosis (per 100,000 people)","SH.TBS.INCD","","","","","","","","","","","","","","","","","","","","","","","","","","","","","","","","","","","","","","","","","40","40","40","40","40","40","40","40","40","40","40","40","40","40","40","40","40","40","40","59","59","59","59","59","",
"St. Lucia","LCA","Incidence of tuberculosis (per 100,000 people)","SH.TBS.INCD","","","","","","","","","","","","","","","","","","","","","","","","","","","","","","","","","","","","","","","","","6.5","11","12","11","11","9.7","10","13","14","6.8","6.1","4.7","7.3","6","4","9.2","2","7.2","3.2","3.9","5.2","2.6","1.3","1.3","",
"Latin America & Caribbean","LCN","Incidence of tuberculosis (per 100,000 people)","SH.TBS.INCD","","","","","","","","","","","","","","","","","","","","","","","","","","","","","","","","","","","","","","","","","54","51","51","51","50","48","46","45","45","44","43","43","43","42","41","41","42","43","43","43","42","45","47","50","",
"Least developed countries: UN classification","LDC","Incidence of tuberculosis (per 100,000 people)","SH.TBS.INCD","","","","","","","","","","","","","","","","","","","","","","","","","","","","","","","","","","","","","","","","","","","","","","","","","","","","","","","","","","","","","","","","","",
"Low income","LIC","Incidence of tuberculosis (per 100,000 people)","SH.TBS.INCD","","","","","","","","","","","","","","","","","","","","","","","","","","","","","","","","","","","","","","","","","273","268","264","259","254","249","244","239","232","228","224","221","216","212","207","202","198","194","190","187","183","180","180","182","",
"Liechtenstein","LIE","Incidence of tuberculosis (per 100,000 people)","SH.TBS.INCD","","","","","","","","","","","","","","","","","","","","","","","","","","","","","","","","","","","","","","","","","","","","","","","","","","","","","","","","","","","","","","","","","",
"Sri Lanka","LKA","Incidence of tuberculosis (per 100,000 people)","SH.TBS.INCD","","","","","","","","","","","","","","","","","","","","","","","","","","","","","","","","","","","","","","","","","66","66","66","66","66","66","66","66","66","66","66","66","66","66","65","65","65","64","64","64","63","63","62","62","",
"Lower middle income","LMC","Incidence of tuberculosis (per 100,000 people)","SH.TBS.INCD","","","","","","","","","","","","","","","","","","","","","","","","","","","","","","","","","","","","","","","","","305","305","304","303","300","297","293","287","281","276","270","264","256","249","244","238","230","224","217","213","206","212","216","215","",
"Low & middle income","LMY","Incidence of tuberculosis (per 100,000 people)","SH.TBS.INCD","","","","","","","","","","","","","","","","","","","","","","","","","","","","","","","","","","","","","","","","","219","219","219","218","217","215","212","208","205","201","197","193","189","183","180","175","169","165","161","157","153","157","160","160","",
"Lesotho","LSO","Incidence of tuberculosis (per 100,000 people)","SH.TBS.INCD","","","","","","","","","","","","","","","","","","","","","","","","","","","","","","","","","","","","","","","","","827","923","1010","1080","1150","1200","1230","1230","1240","1230","1180","1120","1040","948","853","780","721","681","659","654","609","636","665","664","",
"Late-demographic dividend","LTE","Incidence of tuberculosis (per 100,000 people)","SH.TBS.INCD","","","","","","","","","","","","","","","","","","","","","","","","","","","","","","","","","","","","","","","","","","","","","","","","","","","","","","","","","","","","","","","","","",
"Lithuania","LTU","Incidence of tuberculosis (per 100,000 people)","SH.TBS.INCD","","","","","","","","","","","","","","","","","","","","","","","","","","","","","","","","","","","","","","","","","87","86","81","88","69","73","83","80","75","69","65","66","63","61","58","55","54","52","44","41","28","26","30","28","",
"Luxembourg","LUX","Incidence of tuberculosis (per 100,000 people)","SH.TBS.INCD","","","","","","","","","","","","","","","","","","","","","","","","","","","","","","","","","","","","","","","","","12","8.1","8","14","7.8","9.1","8","9.3","6.6","6.2","6.6","5.5","9.7","8","5","6.1","5.7","6.2","7.9","8.9","5.8","6.1","8.3","7.3","",
"Latvia","LVA","Incidence of tuberculosis (per 100,000 people)","SH.TBS.INCD","","","","","","","","","","","","","","","","","","","","","","","","","","","","","","","","","","","","","","","","","96","98","90","85","80","72","67","64","55","51","50","48","54","50","43","41","38","32","28","24","20","16","19","16","",
"Macao SAR, China","MAC","Incidence of tuberculosis (per 100,000 people)","SH.TBS.INCD","","","","","","","","","","","","","","","","","","","","","","","","","","","","","","","","","","","","","","","","","118","120","98","92","80","92","93","84","85","72","81","76","79","83","74","68","65","67","57","62","61","56","48","51","",
"St. Martin (French part)","MAF","Incidence of tuberculosis (per 100,000 people)","SH.TBS.INCD","","","","","","","","","","","","","","","","","","","","","","","","","","","","","","","","","","","","","","","","","","","","","","","","","","","","","","","","","","","","","","","","","",
"Morocco","MAR","Incidence of tuberculosis (per 100,000 people)","SH.TBS.INCD","","","","","","","","","","","","","","","","","","","","","","","","","","","","","","","","","","","","","","","","","115","112","116","103","99","99","97","94","98","99","101","100","99","99","101","102","103","100","99","97","96","94","93","92","",
"Monaco","MCO","Incidence of tuberculosis (per 100,000 people)","SH.TBS.INCD","","","","","","","","","","","","","","","","","","","","","","","","","","","","","","","","","","","","","","","","","0","0","0","0.61","0.73","0.84","0.94","1","1.1","1.2","3.5","1.3","1.3","1.3","0","0","6.2","0","3","0","0","0","1","0.99","",
"Moldova","MDA","Incidence of tuberculosis (per 100,000 people)","SH.TBS.INCD","","","","","","","","","","","","","","","","","","","","","","","","","","","","","","","","","","","","","","","","","80","99","104","119","133","142","138","135","125","125","116","119","124","127","115","102","101","95","86","80","78","77","77","76","",
"Madagascar","MDG","Incidence of tuberculosis (per 100,000 people)","SH.TBS.INCD","","","","","","","","","","","","","","","","","","","","","","","","","","","","","","","","","","","","","","","","","293","286","280","273","268","262","257","252","248","244","241","238","236","233","233","233","233","233","233","233","233","233","233","233","",
"Maldives","MDV","Incidence of tuberculosis (per 100,000 people)","SH.TBS.INCD","","","","","","","","","","","","","","","","","","","","","","","","","","","","","","","","","","","","","","","","","59","61","53","57","48","48","38","47","44","35","32","29","35","34","36","42","44","34","33","36","37","38","39","40","",
"Middle East, North Africa, Afghanistan & Pakistan","MEA","Incidence of tuberculosis (per 100,000 people)","SH.TBS.INCD","","","","","","","","","","","","","","","","","","","","","","","","","","","","","","","","","","","","","","","","","46","45","44","42","40","39","38","37","36","36","36","35","34","33","32","32","31","30","30","29","28","27","26","25","",
"Mexico","MEX","Incidence of tuberculosis (per 100,000 people)","SH.TBS.INCD","","","","","","","","","","","","","","","","","","","","","","","","","","","","","","","","","","","","","","","","","23","24","22","23","18","22","21","21","21","21","22","21","22","22","22","22","22","23","23","23","23","25","28","29","",
"Marshall Islands","MHL","Incidence of tuberculosis (per 100,000 people)","SH.TBS.INCD","","","","","","","","","","","","","","","","","","","","","","","","","","","","","","","","","","","","","","","","","84","137","124","145","282","267","334","380","300","339","464","335","352","368","356","353","469","548","1180","645","430","357","318","692","",
"Middle income","MIC","Incidence of tuberculosis (per 100,000 people)","SH.TBS.INCD","","","","","","","","","","","","","","","","","","","","","","","","","","","","","","","","","","","","","","","","","215","215","215","215","214","211","209","205","202","199","194","190","186","180","177","173","166","162","158","154","150","154","158","158","",
"North Macedonia","MKD","Incidence of tuberculosis (per 100,000 people)","SH.TBS.INCD","","","","","","","","","","","","","","","","","","","","","","","","","","","","","","","","","","","","","","","","","39","40","42","42","39","36","34","32","27","27","23","20","21","19","17","17","16","13","13","12","12","11","11","10","",
"Mali","MLI","Incidence of tuberculosis (per 100,000 people)","SH.TBS.INCD","","","","","","","","","","","","","","","","","","","","","","","","","","","","","","","","","","","","","","","","","77","76","74","73","71","69","68","66","65","64","63","62","61","60","58","57","56","55","53","52","51","50","49","48","",
"Malta","MLT","Incidence of tuberculosis (per 100,000 people)","SH.TBS.INCD","","","","","","","","","","","","","","","","","","","","","","","","","","","","","","","","","","","","","","","","","4.6","4.6","6.8","2","5","6.1","8.3","10","13","11","7.9","8.1","11","13","12","8.3","13","10","13","22","31","12","13","15","",
"Myanmar","MMR","Incidence of tuberculosis (per 100,000 people)","SH.TBS.INCD","","","","","","","","","","","","","","","","","","","","","","","","","","","","","","","","","","","","","","","","","555","555","554","552","549","545","540","535","530","525","500","476","453","431","411","391","372","355","338","322","312","362","477","558","",
"Middle East, North Africa, Afghanistan & Pakistan (excluding high income)","MNA","Incidence of tuberculosis (per 100,000 people)","SH.TBS.INCD","","","","","","","","","","","","","","","","","","","","","","","","","","","","","","","","","","","","","","","","","49","48","47","45","43","42","40","39","39","39","39","38","37","36","36","36","35","33","33","31","30","29","29","28","",
"Montenegro","MNE","Incidence of tuberculosis (per 100,000 people)","SH.TBS.INCD","","","","","","","","","","","","","","","","","","","","","","","","","","","","","","","","","","","","","","","","","","","","","","29","31","27","24","21","20","20","18","22","21","15","16","14","15","15","15","14","14","14","",
"Mongolia","MNG","Incidence of tuberculosis (per 100,000 people)","SH.TBS.INCD","","","","","","","","","","","","","","","","","","","","","","","","","","","","","","","","","","","","","","","","","428","428","428","428","428","428","428","428","428","428","428","428","428","428","428","428","428","428","428","428","413","428","463","491","",
"Northern Mariana Islands","MNP","Incidence of tuberculosis (per 100,000 people)","SH.TBS.INCD","","","","","","","","","","","","","","","","","","","","","","","","","","","","","","","","","","","","","","","","","126","98","91","79","95","105","97","86","56","79","68","71","69","72","57","63","63","94","110","122","99","86","57","56","",
"Mozambique","MOZ","Incidence of tuberculosis (per 100,000 people)","SH.TBS.INCD","","","","","","","","","","","","","","","","","","","","","","","","","","","","","","","","","","","","","","","","","336","338","339","339","341","342","345","348","351","354","357","359","361","361","361","361","361","361","361","361","361","361","361","361","",
"Mauritania","MRT","Incidence of tuberculosis (per 100,000 people)","SH.TBS.INCD","","","","","","","","","","","","","","","","","","","","","","","","","","","","","","","","","","","","","","","","","250","235","220","206","193","181","170","160","151","143","135","128","121","115","111","107","102","97","93","89","85","81","78","74","",
"Mauritius","MUS","Incidence of tuberculosis (per 100,000 people)","SH.TBS.INCD","","","","","","","","","","","","","","","","","","","","","","","","","","","","","","","","","","","","","","","","","17","13","14","14","14","13","12","11","11","12","12","11","13","13","13","13","12","12","13","12","12","12","12","12","",
"Malawi","MWI","Incidence of tuberculosis (per 100,000 people)","SH.TBS.INCD","","","","","","","","","","","","","","","","","","","","","","","","","","","","","","","","","","","","","","","","","386","395","401","403","402","398","392","383","371","356","338","316","291","261","228","197","176","162","153","146","138","132","125","119","",
"Malaysia","MYS","Incidence of tuberculosis (per 100,000 people)","SH.TBS.INCD","","","","","","","","","","","","","","","","","","","","","","","","","","","","","","","","","","","","","","","","","75","72","68","73","68","69","70","69","72","72","75","80","86","91","93","90","94","94","92","92","90","97","111","122","",
"North America","NAC","Incidence of tuberculosis (per 100,000 people)","SH.TBS.INCD","","","","","","","","","","","","","","","","","","","","","","","","","","","","","","","","","","","","","","","","","6.6","6.5","6","5.9","5.7","5.5","5.3","5.1","4.9","4.4","4.2","3.9","3.8","3.5","3.4","3.4","3.3","3.3","3.2","3.2","2.6","2.9","2.9","3.4","",
"Namibia","NAM","Incidence of tuberculosis (per 100,000 people)","SH.TBS.INCD","","","","","","","","","","","","","","","","","","","","","","","","","","","","","","","","","","","","","","","","","985","1100","1190","1240","1260","1250","1210","1140","1060","974","892","815","754","710","674","639","604","565","524","486","455","461","467","468","",
"New Caledonia","NCL","Incidence of tuberculosis (per 100,000 people)","SH.TBS.INCD","","","","","","","","","","","","","","","","","","","","","","","","","","","","","","","","","","","","","","","","","48","31","32","18","29","22","23","22","23","24","22","22","16","18","12","23","15","14","15","9.3","17","10","12","13","",
"Niger","NER","Incidence of tuberculosis (per 100,000 people)","SH.TBS.INCD","","","","","","","","","","","","","","","","","","","","","","","","","","","","","","","","","","","","","","","","","191","179","168","159","151","143","136","129","123","118","113","109","105","102","98","95","93","90","87","84","82","79","77","74","",
"Nigeria","NGA","Incidence of tuberculosis (per 100,000 people)","SH.TBS.INCD","","","","","","","","","","","","","","","","","","","","","","","","","","","","","","","","","","","","","","","","","219","219","219","219","219","219","219","219","219","219","219","219","219","219","219","219","219","219","219","219","219","219","219","219","",
"Nicaragua","NIC","Incidence of tuberculosis (per 100,000 people)","SH.TBS.INCD","","","","","","","","","","","","","","","","","","","","","","","","","","","","","","","","","","","","","","","","","59","59","50","54","52","44","45","51","52","50","53","57","58","57","54","50","46","44","41","43","42","43","43","43","",
"Netherlands","NLD","Incidence of tuberculosis (per 100,000 people)","SH.TBS.INCD","","","","","","","","","","","","","","","","","","","","","","","","","","","","","","","","","","","","","","","","","8.9","10","9.6","9.2","9.2","7.9","7","6.5","6.7","7.8","7","6.6","6.3","5.6","5.5","5.7","5.9","5.2","5.2","4.9","4","4.4","4","4.5","",
"Norway","NOR","Incidence of tuberculosis (per 100,000 people)","SH.TBS.INCD","","","","","","","","","","","","","","","","","","","","","","","","","","","","","","","","","","","","","","","","","5.7","7","6.2","8.4","7.1","6.9","6.8","6.9","7.2","7.8","6.9","7.4","7.9","8.2","6.8","6.3","6.1","5.2","4.1","3.3","3.1","3","3.2","2.9","",
"Nepal","NPL","Incidence of tuberculosis (per 100,000 people)","SH.TBS.INCD","","","","","","","","","","","","","","","","","","","","","","","","","","","","","","","","","","","","","","","","","417","405","393","382","371","360","350","339","329","320","311","302","293","284","276","268","260","253","245","238","229","230","233","229","",
"Nauru","NRU","Incidence of tuberculosis (per 100,000 people)","SH.TBS.INCD","","","","","","","","","","","","","","","","","","","","","","","","","","","","","","","","","","","","","","","","","45","34","57","34","75","126","138","34","57","46","34","57","69","77","86","105","103","91","50","169","128","206","185","174","",
"New Zealand","NZL","Incidence of tuberculosis (per 100,000 people)","SH.TBS.INCD","","","","","","","","","","","","","","","","","","","","","","","","","","","","","","","","","","","","","","","","","10","11","9.6","12","10","9.2","9.5","7.5","7.9","8","8","8","7.6","7","7.6","7.3","7.2","7.2","7.1","7.2","7.2","6.8","6","6.6","",
"OECD members","OED","Incidence of tuberculosis (per 100,000 people)","SH.TBS.INCD","","","","","","","","","","","","","","","","","","","","","","","","","","","","","","","","","","","","","","","","","","","","","","","","","","","","","","","","","","","","","","","","","",
"Oman","OMN","Incidence of tuberculosis (per 100,000 people)","SH.TBS.INCD","","","","","","","","","","","","","","","","","","","","","","","","","","","","","","","","","","","","","","","","","16","15","14","12","14","12","16","15","15","14","13","13","12","9.9","10","9","9","6.8","6.2","9.2","8","5.9","9","11","",
"Other small states","OSS","Incidence of tuberculosis (per 100,000 people)","SH.TBS.INCD","","","","","","","","","","","","","","","","","","","","","","","","","","","","","","","","","","","","","","","","","","","","","","","","","","","","","","","","","","","","","","","","","",
"Pakistan","PAK","Incidence of tuberculosis (per 100,000 people)","SH.TBS.INCD","","","","","","","","","","","","","","","","","","","","","","","","","","","","","","","","","","","","","","","","","275","275","275","276","276","276","276","276","276","276","276","276","276","275","270","270","268","267","265","263","259","273","278","277","",
"Panama","PAN","Incidence of tuberculosis (per 100,000 people)","SH.TBS.INCD","","","","","","","","","","","","","","","","","","","","","","","","","","","","","","","","","","","","","","","","","49","70","63","63","65","62","61","58","58","54","53","55","51","47","47","52","56","57","52","37","33","42","47","58","",
"Peru","PER","Incidence of tuberculosis (per 100,000 people)","SH.TBS.INCD","","","","","","","","","","","","","","","","","","","","","","","","","","","","","","","","","","","","","","","","","183","173","166","146","151","151","153","143","141","138","134","133","126","125","125","122","120","119","119","119","117","130","153","173","",
"Philippines","PHL","Incidence of tuberculosis (per 100,000 people)","SH.TBS.INCD","","","","","","","","","","","","","","","","","","","","","","","","","","","","","","","","","","","","","","","","","590","579","569","559","549","539","530","520","524","528","531","535","539","543","546","550","554","554","554","554","535","583","627","643","",
"Palau","PLW","Incidence of tuberculosis (per 100,000 people)","SH.TBS.INCD","","","","","","","","","","","","","","","","","","","","","","","","","","","","","","","","","","","","","","","","","65","65","65","53","29","58","70","66","91","117","119","76","26","52","91","91","149","129","110","39","65","52","45","97","",
"Papua New Guinea","PNG","Incidence of tuberculosis (per 100,000 people)","SH.TBS.INCD","","","","","","","","","","","","","","","","","","","","","","","","","","","","","","","","","","","","","","","","","432","432","432","432","432","432","432","432","432","432","432","432","432","432","432","432","432","432","432","432","432","432","432","432","",
"Poland","POL","Incidence of tuberculosis (per 100,000 people)","SH.TBS.INCD","","","","","","","","","","","","","","","","","","","","","","","","","","","","","","","","","","","","","","","","","33","31","30","30","26","25","24","24","22","23","21","24","21","21","20","19","18","17","16","15","9.5","10","12","10","",
"Pre-demographic dividend","PRE","Incidence of tuberculosis (per 100,000 people)","SH.TBS.INCD","","","","","","","","","","","","","","","","","","","","","","","","","","","","","","","","","","","","","","","","","","","","","","","","","","","","","","","","","","","","","","","","","",
"Puerto Rico (US)","PRI","Incidence of tuberculosis (per 100,000 people)","SH.TBS.INCD","","","","","","","","","","","","","","","","","","","","","","","","","","","","","","","","","","","","","","","","","5.3","3.6","3.9","3.5","3.7","3.4","3.4","3","2.9","1.9","2.5","1.6","2.2","1.6","1.4","1.7","2.2","1.3","0.87","1.3","0.95","0.6","0.75","0.71","",
"Korea, Dem. People's Rep.","PRK","Incidence of tuberculosis (per 100,000 people)","SH.TBS.INCD","","","","","","","","","","","","","","","","","","","","","","","","","","","","","","","","","","","","","","","","","513","513","513","513","513","513","513","513","513","513","513","513","513","513","513","513","513","513","513","513","513","513","513","513","",
"Portugal","PRT","Incidence of tuberculosis (per 100,000 people)","SH.TBS.INCD","","","","","","","","","","","","","","","","","","","","","","","","","","","","","","","","","","","","","","","","","47","48","48","44","40","36","35","32","31","30","28","27","27","26","24","23","20","20","21","19","16","16","16","16","",
"Paraguay","PRY","Incidence of tuberculosis (per 100,000 people)","SH.TBS.INCD","","","","","","","","","","","","","","","","","","","","","","","","","","","","","","","","","","","","","","","","","42","44","44","47","47","43","48","43","42","44","42","43","43","40","39","40","41","43","43","46","45","46","46","62","",
"West Bank and Gaza","PSE","Incidence of tuberculosis (per 100,000 people)","SH.TBS.INCD","","","","","","","","","","","","","","","","","","","","","","","","","","","","","","","","","","","","","","","","","3.3","2.6","2","1.3","0.83","0.98","1.4","1.1","1.3","1.1","0.96","0.97","0.95","1.1","1.2","1.1","0.97","0.76","0.77","0.53","0.64","0.6","0.49","0.35","",
"Pacific island small states","PSS","Incidence of tuberculosis (per 100,000 people)","SH.TBS.INCD","","","","","","","","","","","","","","","","","","","","","","","","","","","","","","","","","","","","","","","","","","","","","","","","","","","","","","","","","","","","","","","","","",
"Post-demographic dividend","PST","Incidence of tuberculosis (per 100,000 people)","SH.TBS.INCD","","","","","","","","","","","","","","","","","","","","","","","","","","","","","","","","","","","","","","","","","","","","","","","","","","","","","","","","","","","","","","","","","",
"French Polynesia","PYF","Incidence of tuberculosis (per 100,000 people)","SH.TBS.INCD","","","","","","","","","","","","","","","","","","","","","","","","","","","","","","","","","","","","","","","","","30","29","31","23","28","28","30","28","21","23","17","27","21","22","23","19","23","21","22","20","26","14","23","14","",
"Qatar","QAT","Incidence of tuberculosis (per 100,000 people)","SH.TBS.INCD","","","","","","","","","","","","","","","","","","","","","","","","","","","","","","","","","","","","","","","","","50","48","45","43","40","45","40","38","46","45","39","35","44","34","24","25","22","26","31","35","35","40","35","35","",
"Romania","ROU","Incidence of tuberculosis (per 100,000 people)","SH.TBS.INCD","","","","","","","","","","","","","","","","","","","","","","","","","","","","","","","","","","","","","","","","","143","150","157","158","154","142","133","124","121","115","105","97","92","89","86","82","74","72","68","65","43","45","53","55","",
"Russian Federation","RUS","Incidence of tuberculosis (per 100,000 people)","SH.TBS.INCD","","","","","","","","","","","","","","","","","","","","","","","","","","","","","","","","","","","","","","","","","95","92","90","88","87","88","88","90","90","89","85","81","77","73","70","67","63","59","54","50","49","47","39","38","",
"Rwanda","RWA","Incidence of tuberculosis (per 100,000 people)","SH.TBS.INCD","","","","","","","","","","","","","","","","","","","","","","","","","","","","","","","","","","","","","","","","","96","83","89","100","93","102","112","106","101","95","83","80","72","66","65","61","62","58","59","57","57","56","56","55","",
"South Asia","SAS","Incidence of tuberculosis (per 100,000 people)","SH.TBS.INCD","","","","","","","","","","","","","","","","","","","","","","","","","","","","","","","","","","","","","","","","","303","302","301","300","297","294","290","284","279","273","267","261","254","246","242","237","228","221","215","210","204","209","210","206","",
"Saudi Arabia","SAU","Incidence of tuberculosis (per 100,000 people)","SH.TBS.INCD","","","","","","","","","","","","","","","","","","","","","","","","","","","","","","","","","","","","","","","","","23","21","21","19","19","19","19","19","19","18","20","17","15","13","12","12","10","10","11","11","8.7","9","8.8","8.4","",
"Sudan","SDN","Incidence of tuberculosis (per 100,000 people)","SH.TBS.INCD","","","","","","","","","","","","","","","","","","","","","","","","","","","","","","","","","","","","","","","","","148","139","139","138","142","143","146","144","116","121","119","105","103","100","94","88","82","77","71","67","62","58","54","50","",
"Senegal","SEN","Incidence of tuberculosis (per 100,000 people)","SH.TBS.INCD","","","","","","","","","","","","","","","","","","","","","","","","","","","","","","","","","","","","","","","","","155","153","150","147","144","141","139","138","136","134","132","130","129","127","125","123","122","120","118","117","115","113","112","110","",
"Singapore","SGP","Incidence of tuberculosis (per 100,000 people)","SH.TBS.INCD","","","","","","","","","","","","","","","","","","","","","","","","","","","","","","","","","","","","","","","","","49","43","42","44","39","37","35","34","37","35","35","36","50","46","46","45","51","48","48","42","48","51","54","42","",
"Solomon Islands","SLB","Incidence of tuberculosis (per 100,000 people)","SH.TBS.INCD","","","","","","","","","","","","","","","","","","","","","","","","","","","","","","","","","","","","","","","","","86","81","70","79","90","103","94","99","95","88","79","90","79","76","70","81","76","68","68","61","54","61","55","55","",
"Sierra Leone","SLE","Incidence of tuberculosis (per 100,000 people)","SH.TBS.INCD","","","","","","","","","","","","","","","","","","","","","","","","","","","","","","","","","","","","","","","","","305","309","311","313","314","316","317","318","318","318","317","316","314","313","310","307","304","301","298","295","292","289","286","283","",
"El Salvador","SLV","Incidence of tuberculosis (per 100,000 people)","SH.TBS.INCD","","","","","","","","","","","","","","","","","","","","","","","","","","","","","","","","","","","","","","","","","31","31","32","29","29","37","34","35","36","35","35","39","42","44","45","50","61","74","73","60","41","39","50","84","",
"San Marino","SMR","Incidence of tuberculosis (per 100,000 people)","SH.TBS.INCD","","","","","","","","","","","","","","","","","","","","","","","","","","","","","","","","","","","","","","","","","4.3","0","4.2","4.1","0","0","0","0","0","0","0","0","0","0","0","0","0","0","0","0","0","0","0","0","",
"Somalia","SOM","Incidence of tuberculosis (per 100,000 people)","SH.TBS.INCD","","","","","","","","","","","","","","","","","","","","","","","","","","","","","","","","","","","","","","","","","285","285","285","285","285","285","285","285","286","286","286","286","286","285","274","274","270","266","262","258","254","250","246","243","",
"Serbia","SRB","Incidence of tuberculosis (per 100,000 people)","SH.TBS.INCD","","","","","","","","","","","","","","","","","","","","","","","","","","","","","","","","","","","","","","","","","","","","","","40","40","37","35","32","30","28","24","27","23","21","19","19","17","14","14","14","14","14","",
"Sub-Saharan Africa (excluding high income)","SSA","Incidence of tuberculosis (per 100,000 people)","SH.TBS.INCD","","","","","","","","","","","","","","","","","","","","","","","","","","","","","","","","","","","","","","","","","338","344","350","356","358","358","356","349","339","333","323","314","304","292","282","270","253","243","234","226","218","213","209","206","",
"South Sudan","SSD","Incidence of tuberculosis (per 100,000 people)","SH.TBS.INCD","","","","","","","","","","","","","","","","","","","","","","","","","","","","","","","","","","","","","","","","","","","","","","","","","","","","227","227","227","227","227","227","227","227","227","227","227","227","227","",
"Sub-Saharan Africa","SSF","Incidence of tuberculosis (per 100,000 people)","SH.TBS.INCD","","","","","","","","","","","","","","","","","","","","","","","","","","","","","","","","","","","","","","","","","338","344","350","356","358","357","356","349","339","333","323","314","304","292","282","270","253","243","234","226","218","213","209","206","",
"Small states","SST","Incidence of tuberculosis (per 100,000 people)","SH.TBS.INCD","","","","","","","","","","","","","","","","","","","","","","","","","","","","","","","","","","","","","","","","","","","","","","","","","","","","","","","","","","","","","","","","","",
"Sao Tome and Principe","STP","Incidence of tuberculosis (per 100,000 people)","SH.TBS.INCD","","","","","","","","","","","","","","","","","","","","","","","","","","","","","","","","","","","","","","","","","119","117","112","125","138","151","166","98","70","78","117","129","107","134","141","156","162","117","124","114","115","114","113","111","",
"Suriname","SUR","Incidence of tuberculosis (per 100,000 people)","SH.TBS.INCD","","","","","","","","","","","","","","","","","","","","","","","","","","","","","","","","","","","","","","","","","24","20","25","27","25","29","32","31","26","43","46","29","30","32","33","32","25","28","38","29","29","29","29","29","",
"Slovak Republic","SVK","Incidence of tuberculosis (per 100,000 people)","SH.TBS.INCD","","","","","","","","","","","","","","","","","","","","","","","","","","","","","","","","","","","","","","","","","22","21","21","21","14","15","14","13","12","9.7","8.7","8.1","6.8","8.5","6.8","6.5","6","4.8","5.8","4.5","3.2","2.8","3","4.3","",
"Slovenia","SVN","Incidence of tuberculosis (per 100,000 people)","SH.TBS.INCD","","","","","","","","","","","","","","","","","","","","","","","","","","","","","","","","","","","","","","","","","21","21","20","16","14","15","12","12","12","11","9.5","10","7.5","7.8","7.9","7.2","6.6","6.2","5.4","5.4","4.1","4.3","3.9","4.6","",
"Sweden","SWE","Incidence of tuberculosis (per 100,000 people)","SH.TBS.INCD","","","","","","","","","","","","","","","","","","","","","","","","","","","","","","","","","","","","","","","","","5.4","5.1","4.8","5.1","5.5","6.9","6.2","5.8","6.4","7.1","7.5","6.5","7.2","7.3","7.5","9.2","8.1","5.6","5.4","5.3","3.5","3.8","3.9","3.7","",
"Eswatini","SWZ","Incidence of tuberculosis (per 100,000 people)","SH.TBS.INCD","","","","","","","","","","","","","","","","","","","","","","","","","","","","","","","","","","","","","","","","","981","1010","1110","1270","1320","1420","1460","1430","1390","1590","1590","1300","1110","1030","855","648","537","502","441","363","340","344","349","350","",
"Sint Maarten (Dutch part)","SXM","Incidence of tuberculosis (per 100,000 people)","SH.TBS.INCD","","","","","","","","","","","","","","","","","","","","","","","","","","","","","","","","","","","","","","","","","","","","","","","","","","","10","6.7","3.3","6.4","0","6.1","0","15","5.8","20","2.8","2.8","5.5","8.1","",
"Seychelles","SYC","Incidence of tuberculosis (per 100,000 people)","SH.TBS.INCD","","","","","","","","","","","","","","","","","","","","","","","","","","","","","","","","","","","","","","","","","28","26","39","13","23","18","22","22","7.5","18","21","25","23","27","14","8.6","13","16","15","14","8.6","10","15","21","",
"Syrian Arab Republic","SYR","Incidence of tuberculosis (per 100,000 people)","SH.TBS.INCD","","","","","","","","","","","","","","","","","","","","","","","","","","","","","","","","","","","","","","","","","39","37","35","35","32","29","26","27","23","24","21","21","18","17","23","20","22","20","19","19","18","18","17","17","",
"Turks and Caicos Islands","TCA","Incidence of tuberculosis (per 100,000 people)","SH.TBS.INCD","","","","","","","","","","","","","","","","","","","","","","","","","","","","","","","","","","","","","","","","","18","18","17","32","30","31","32","30","28","27","23","34","29","6.8","3.3","6.3","6","12","5.5","11","6","0","9.2","17","",
"Chad","TCD","Incidence of tuberculosis (per 100,000 people)","SH.TBS.INCD","","","","","","","","","","","","","","","","","","","","","","","","","","","","","","","","","","","","","","","","","151","152","152","152","151","151","150","149","149","148","147","147","146","146","145","144","144","143","142","142","141","140","140","139","",
"East Asia & Pacific (IDA & IBRD countries)","TEA","Incidence of tuberculosis (per 100,000 people)","SH.TBS.INCD","","","","","","","","","","","","","","","","","","","","","","","","","","","","","","","","","","","","","","","","","","","","","","","","","","","","","","","","","","","","","","","","","",
"Europe & Central Asia (IDA & IBRD countries)","TEC","Incidence of tuberculosis (per 100,000 people)","SH.TBS.INCD","","","","","","","","","","","","","","","","","","","","","","","","","","","","","","","","","","","","","","","","","","","","","","","","","","","","","","","","","","","","","","","","","",
"Togo","TGO","Incidence of tuberculosis (per 100,000 people)","SH.TBS.INCD","","","","","","","","","","","","","","","","","","","","","","","","","","","","","","","","","","","","","","","","","52","53","56","60","66","71","74","77","78","77","76","73","69","64","58","52","46","41","38","37","35","33","32","30","",
"Thailand","THA","Incidence of tuberculosis (per 100,000 people)","SH.TBS.INCD","","","","","","","","","","","","","","","","","","","","","","","","","","","","","","","","","","","","","","","","","241","245","244","240","232","224","215","205","196","188","181","176","172","170","167","163","160","156","153","150","143","141","149","157","",
"Tajikistan","TJK","Incidence of tuberculosis (per 100,000 people)","SH.TBS.INCD","","","","","","","","","","","","","","","","","","","","","","","","","","","","","","","","","","","","","","","","","219","222","220","215","207","196","183","169","155","141","128","117","108","100","91","86","85","85","84","83","81","80","80","79","",
"Turkmenistan","TKM","Incidence of tuberculosis (per 100,000 people)","SH.TBS.INCD","","","","","","","","","","","","","","","","","","","","","","","","","","","","","","","","","","","","","","","","","112","108","100","116","90","84","84","88","95","79","79","66","70","71","58","49","46","43","46","45","46","47","48","49","",
"Latin America & the Caribbean (IDA & IBRD countries)","TLA","Incidence of tuberculosis (per 100,000 people)","SH.TBS.INCD","","","","","","","","","","","","","","","","","","","","","","","","","","","","","","","","","","","","","","","","","","","","","","","","","","","","","","","","","","","","","","","","","",
"Timor-Leste","TLS","Incidence of tuberculosis (per 100,000 people)","SH.TBS.INCD","","","","","","","","","","","","","","","","","","","","","","","","","","","","","","","","","","","","","","","","","","","498","498","498","498","498","498","498","498","498","498","498","498","498","498","498","498","498","498","498","498","498","498","",
"Middle East, North Africa, Afghanistan & Pakistan (IDA & IBRD)","TMN","Incidence of tuberculosis (per 100,000 people)","SH.TBS.INCD","","","","","","","","","","","","","","","","","","","","","","","","","","","","","","","","","","","","","","","","","","","","","","","","","","","","","","","","","","","","","","","","","",
"Tonga","TON","Incidence of tuberculosis (per 100,000 people)","SH.TBS.INCD","","","","","","","","","","","","","","","","","","","","","","","","","","","","","","","","","","","","","","","","","27","13","32","18","13","20","19","25","14","8.6","12","9.6","12","11","14","15","8.7","12","9.8","11","8.7","7.6","2.2","8.8","",
"South Asia (IDA & IBRD)","TSA","Incidence of tuberculosis (per 100,000 people)","SH.TBS.INCD","","","","","","","","","","","","","","","","","","","","","","","","","","","","","","","","","","","","","","","","","","","","","","","","","","","","","","","","","","","","","","","","","",
"Sub-Saharan Africa (IDA & IBRD countries)","TSS","Incidence of tuberculosis (per 100,000 people)","SH.TBS.INCD","","","","","","","","","","","","","","","","","","","","","","","","","","","","","","","","","","","","","","","","","","","","","","","","","","","","","","","","","","","","","","","","","",
"Trinidad and Tobago","TTO","Incidence of tuberculosis (per 100,000 people)","SH.TBS.INCD","","","","","","","","","","","","","","","","","","","","","","","","","","","","","","","","","","","","","","","","","17","18","11","13","15","14","20","18","23","23","18","18","22","20","20","16","17","16","20","17","17","13","19","21","",
"Tunisia","TUN","Incidence of tuberculosis (per 100,000 people)","SH.TBS.INCD","","","","","","","","","","","","","","","","","","","","","","","","","","","","","","","","","","","","","","","","","26","25","24","25","25","26","26","28","27","26","28","35","37","35","35","38","38","34","35","35","36","36","37","38","",
"Turkiye","TUR","Incidence of tuberculosis (per 100,000 people)","SH.TBS.INCD","","","","","","","","","","","","","","","","","","","","","","","","","","","","","","","","","","","","","","","","","33","31","32","31","30","33","33","31","29","27","25","24","22","20","20","18","18","17","16","16","15","14","14","13","",
"Tuvalu","TUV","Incidence of tuberculosis (per 100,000 people)","SH.TBS.INCD","","","","","","","","","","","","","","","","","","","","","","","","","","","","","","","","","","","","","","","","","196","194","156","367","186","138","102","203","190","199","153","130","203","191","157","207","205","233","270","296","296","296","296","296","",
"Tanzania","TZA","Incidence of tuberculosis (per 100,000 people)","SH.TBS.INCD","","","","","","","","","","","","","","","","","","","","","","","","","","","","","","","","","","","","","","","","","503","506","509","510","510","510","504","492","474","452","426","401","378","336","327","306","287","269","253","237","222","208","195","183","",
"Uganda","UGA","Incidence of tuberculosis (per 100,000 people)","SH.TBS.INCD","","","","","","","","","","","","","","","","","","","","","","","","","","","","","","","","","","","","","","","","","276","266","256","248","240","233","227","222","217","213","210","207","205","203","202","202","201","201","200","200","199","199","198","198","",
"Ukraine","UKR","Incidence of tuberculosis (per 100,000 people)","SH.TBS.INCD","","","","","","","","","","","","","","","","","","","","","","","","","","","","","","","","","","","","","","","","","114","119","123","126","127","127","125","123","119","115","110","105","101","96","94","91","87","84","80","77","75","85","99","112","",
"Upper middle income","UMC","Incidence of tuberculosis (per 100,000 people)","SH.TBS.INCD","","","","","","","","","","","","","","","","","","","","","","","","","","","","","","","","","","","","","","","","","133","133","133","133","133","131","129","127","125","123","119","118","116","112","109","106","100","98","96","93","90","92","96","96","",
"Uruguay","URY","Incidence of tuberculosis (per 100,000 people)","SH.TBS.INCD","","","","","","","","","","","","","","","","","","","","","","","","","","","","","","","","","","","","","","","","","23","24","19","23","25","22","19","21","24","24","24","28","28","30","30","31","30","32","34","36","33","32","38","42","",
"United States","USA","Incidence of tuberculosis (per 100,000 people)","SH.TBS.INCD","","","","","","","","","","","","","","","","","","","","","","","","","","","","","","","","","","","","","","","","","6.7","6.5","6","5.9","5.7","5.5","5.3","5.1","4.9","4.3","4.1","3.9","3.6","3.3","3.2","3.2","3.1","3","2.9","2.9","2.3","2.6","2.6","3.1","",
"Uzbekistan","UZB","Incidence of tuberculosis (per 100,000 people)","SH.TBS.INCD","","","","","","","","","","","","","","","","","","","","","","","","","","","","","","","","","","","","","","","","","99","107","113","117","119","120","116","110","105","101","97","93","89","86","82","79","76","73","70","67","65","62","60","57","",
"St. Vincent and the Grenadines","VCT","Incidence of tuberculosis (per 100,000 people)","SH.TBS.INCD","","","","","","","","","","","","","","","","","","","","","","","","","","","","","","","","","","","","","","","","","17","11","11","15","8.5","7.4","14","13","13","9.6","16","18","32","3.2","5.3","7.4","6.3","2.1","6.3","4.2","6.7","8.7","11","14","",
"Venezuela, RB","VEN","Incidence of tuberculosis (per 100,000 people)","SH.TBS.INCD","","","","","","","","","","","","","","","","","","","","","","","","","","","","","","","","","","","","","","","","","33","32","31","33","33","32","31","30","29","29","28","27","28","28","27","30","34","45","48","45","44","45","45","45","",
"British Virgin Islands","VGB","Incidence of tuberculosis (per 100,000 people)","SH.TBS.INCD","","","","","","","","","","","","","","","","","","","","","","","","","","","","","","","","","","","","","","","","","5.7","5.5","5.4","5.2","10","0","0","0","1.4","2.8","4.2","0","0","3.6","0","0","0","1.7","3.3","2.7","2","1.3","0.66","0","",
"Virgin Islands (U.S.)","VIR","Incidence of tuberculosis (per 100,000 people)","SH.TBS.INCD","","","","","","","","","","","","","","","","","","","","","","","","","","","","","","","","","","","","","","","","","","","","","","","","","","","","","","","","","","","","","","","","","",
"Viet Nam","VNM","Incidence of tuberculosis (per 100,000 people)","SH.TBS.INCD","","","","","","","","","","","","","","","","","","","","","","","","","","","","","","","","","","","","","","","","","296","290","284","278","272","266","260","253","246","239","231","225","218","212","205","199","193","188","182","176","172","169","178","182","",
"Vanuatu","VUT","Incidence of tuberculosis (per 100,000 people)","SH.TBS.INCD","","","","","","","","","","","","","","","","","","","","","","","","","","","","","","","","","","","","","","","","","110","123","69","69","86","83","80","77","74","72","69","67","65","62","63","63","56","51","46","41","41","41","41","41","",
"World","WLD","Incidence of tuberculosis (per 100,000 people)","SH.TBS.INCD","","","","","","","","","","","","","","","","","","","","","","","","","","","","","","","","","","","","","","","","","180","181","180","180","179","178","176","173","170","168","164","161","157","153","150","147","142","138","135","132","129","131","134","134","",
"Samoa","WSM","Incidence of tuberculosis (per 100,000 people)","SH.TBS.INCD","","","","","","","","","","","","","","","","","","","","","","","","","","","","","","","","","","","","","","","","","27","14","19","17","21","15","15","13","7.3","9.6","8.3","12","13","13","13","11","7.3","17","6.1","9.9","7.1","7","4.8","5.2","",
"Kosovo","XKX","Incidence of tuberculosis (per 100,000 people)","SH.TBS.INCD","","","","","","","","","","","","","","","","","","","","","","","","","","","","","","","","","","","","","","","","","","","","","","","","","","","","","","","","","","","","","","","","","",
"Yemen, Rep.","YEM","Incidence of tuberculosis (per 100,000 people)","SH.TBS.INCD","","","","","","","","","","","","","","","","","","","","","","","","","","","","","","","","","","","","","","","","","116","110","102","95","87","80","73","66","60","55","52","50","48","48","48","48","48","48","48","48","48","48","48","48","",
"South Africa","ZAF","Incidence of tuberculosis (per 100,000 people)","SH.TBS.INCD","","","","","","","","","","","","","","","","","","","","","","","","","","","","","","","","","","","","","","","","","762","867","971","1070","1150","1210","1250","1270","1270","1260","1230","1200","1160","1110","1070","988","805","738","677","615","562","513","468","427","",
"Zambia","ZMB","Incidence of tuberculosis (per 100,000 people)","SH.TBS.INCD","","","","","","","","","","","","","","","","","","","","","","","","","","","","","","","","","","","","","","","","","759","728","695","662","631","602","577","554","534","514","495","475","456","437","406","391","376","361","346","333","319","307","295","283","",
"Zimbabwe","ZWE","Incidence of tuberculosis (per 100,000 people)","SH.TBS.INCD","","","","","","","","","","","","","","","","","","","","","","","","","","","","","","","","","","","","","","","","","605","617","617","617","607","588","561","527","487","450","416","384","355","304","278","242","233","221","210","199","188","199","209","211","",
